,sbj_ID,Age,Gender,Education,L1,L2,L3,L4,otherLs,task,AoAL1,AoAL2,AoAL3,AoAL4,AoAgioL1,AoAgioL2,AoAgioL3,AoAgioL4,anniInstrL1,anniInstrL2,anniInstrL3,anniInstrL4,anniPaeseL1,anniPaeseL2,anniPaeseL3,anniPaeseL4,anniFamigliaL1,anniFamigliaL2,anniFamigliaL3,anniFamigliaL4,anniLavoroL1,anniLavoroL2,anniLavoroL3,anniLavoroL4,PercAmiciL1,PercAmiciL2,PercAmiciL3,PercAmiciL4,PercFamigliaL1,PercFamigliaL2,PercFamigliaL3,PercFamigliaL4,PercLavoroL1,PercLavoroL2,PercLavoroL3,PercLavoroL4,PercStessoL1,PercStessoL2,PercStessoL3,PercStessoL4,PercCalcoliL1,PercCalcoliL2,PercCalcoliL3,PercCalcoliL4,ProfParlaL1,ProfParlaL2,ProfParlaL3,ProfParlaL4,ProfCapisceL1,ProfCapisceL2,ProfCapisceL3,ProfCapisceL4,ProfLeggeL1,ProfLeggeL2,ProfLeggeL3,ProfLeggeL4,AttentionL1,AttentionL2,AttentionL3,AttentionL4,ProfScriveL1,ProfScriveL2,ProfScriveL3,ProfScriveL4,AttMiStessoL1,AttMiStessoL2,AttMiStessoL3,AttMiStessoL4,AttCulturaL1,AttCulturaL2,AttCulturaL3,AttCulturaL4,AttLivNativoL1,AttLivNativoL2,AttLivNativoL3,AttLivNativoL4,AttMadrelinguaL1,AttMadrelinguaL2,AttMadrelinguaL3,AttMadrelinguaL4,HistoryL1Score,HistoryL2Score,HistoryL3Score,HistoryL4Score,UseL1Score,UseL2Score,UseL3Score,UseL4Score,ProficiencyL1Score,ProficiencyL2Score,ProficiencyL3Score,ProficiencyL4Score,AttitudeL1Score,AttitudeL2Score,AttitudeL3Score,AttitudeL4Score,L1Score,L2Score,L3Score,L4Score,AoEaseL1,AoEaseL2,yearsEduL1,yearsEduL2,yearsCountryL1,yearsCountryL2,yearsFamilyL1,yearsFamilyL2,yearsWorkL1,yearsWorkL2,PercFriendsL1,PercFriendsL2,PercFamilyL1,PercFamilyL2,PercWorkL1,PercWorkL2,PercSelfL1,PercSelfL2,PercCountL1,PercCountL2,ProfSpeakL1,ProfSpeakL2,ProfUnderstandL1,ProfUnderstandL2,ProfReadL1,ProfReadL2,ProfWriteL1,ProfWriteL2,AttSelfL1,AttSelfL2,AttCultureL1,AttCultureL2,AttNativeLevelL1,AttNativeLevelL2,AttMothertongueL1,AttMothertongueL2,AoEaseL3,AoEaseL4,yearsEduL3,yearsEduL4,yearsCountryL3,yearsCountryL4,yearsFamilyL3,yearsFamilyL4,yearsWorkL3,yearsWorkL4,PercFriendsL3,PercFriendsL4,PercFamilyL3,PercFamilyL4,PercWorkL3,PercWorkL4,PercSelfL3,PercSelfL4,PercCountL3,PercCountL4,ProfSpeakL3,ProfSpeakL4,ProfUnderstandL3,ProfUnderstandL4,ProfReadL3,ProfReadL4,ProfWriteL3,ProfWriteL4,AttSelfL3,AttSelfL4,AttCultureL3,AttCultureL4,AttNativeLevelL3,AttNativeLevelL4,AttMothertongueL3,AttMothertongueL4
0,58f50400f4ce600001016db5,25,Man,College,Portuguese,English,n/a,n/a,no.,BLP,20,15.0,,,,,,,,,,,,,,,,,,,,,,,,,,,,,,,,,,,,,,,,,,,,,,,,,,,,,,,true,true,,,,,,,,,,,,,,,,,,,,,,,52.664,14.528,0.0,0.0,51.230000000000004,3.2700000000000005,0.0,0.0,54.480000000000004,49.94,0.0,0.0,52.21,54.480000000000004,0.0,0.0,210.58400000000003,122.218,0.0,0.0,20.0,7.0,16.0,9.0,20.0,0.0,20.0,0.0,20.0,1.0,9.0,1.0,10.0,0.0,8.0,2.0,10.0,0.0,10.0,0.0,6.0,5.0,6.0,6.0,6.0,6.0,6.0,5.0,5.0,6.0,6.0,6.0,6.0,6.0,6.0,6.0,,,,,,,,,,,,,,,,,,,,,,,,,,,,,,,,,,,,
0,59aaf4b1321f870001d16f6c,23,Uomo,Uni,italiano,inglese,francese,russo,no,BLP,20,10.0,8.0,4.0,20.0,5.0,3.0,1.0,14.0,10.0,7.0,3.0,20.0,0.0,1.0,0.0,20.0,0.0,0.0,0.0,20.0,0.0,1.0,0.0,10.0,0.0,0.0,0.0,10.0,0.0,0.0,0.0,10.0,0.0,0.0,0.0,10.0,0.0,0.0,0.0,10.0,0.0,0.0,0.0,6.0,6.0,3.0,0.0,6.0,6.0,4.0,1.0,6.0,6.0,5.0,2.0,true,true,true,true,6.0,6.0,4.0,1.0,6.0,4.0,1.0,0.0,6.0,2.0,2.0,0.0,6.0,6.0,6.0,4.0,6.0,6.0,6.0,3.0,51.756,11.35,9.08,3.632,54.50000000000001,0.0,0.0,0.0,54.480000000000004,54.480000000000004,36.32,9.08,54.480000000000004,40.86,34.05,15.89,215.216,106.69,79.44999999999999,28.602,,,,,,,,,,,,,,,,,,,,,,,,,,,,,,,,,,,,,,,,,,,,,,,,,,,,,,,,,,,,,,,,,,,,,,,,
0,5b715800b31d480001eda165,25,Man,HighSchool,Italian,English,n/a,n/a,n/a,BLP,20,12.0,,,,,,,,,,,,,,,,,,,,,,,,,,,,,,,,,,,,,,,,,,,,,,,,,,,,,,,true,true,,,,,,,,,,,,,,,,,,,,,,,49.032000000000004,14.074,0.0,0.0,46.870000000000005,7.630000000000001,0.0,0.0,54.480000000000004,43.13,0.0,0.0,52.21,34.05,0.0,0.0,202.592,98.884,0.0,0.0,14.0,4.0,14.0,15.0,20.0,0.0,20.0,0.0,20.0,0.0,9.0,1.0,10.0,0.0,10.0,0.0,4.0,6.0,10.0,0.0,6.0,5.0,6.0,4.0,6.0,6.0,6.0,4.0,6.0,6.0,5.0,2.0,6.0,4.0,6.0,3.0,,,,,,,,,,,,,,,,,,,,,,,,,,,,,,,,,,,,
0,5be84b9a40b06b0001370c9f,24,Woman,Masters,Spanish,English,N/A,N/A,"French, German",BLP,20,16.0,,,,,,,,,,,,,,,,,,,,,,,,,,,,,,,,,,,,,,,,,,,,,,,,,,,,,,,true,true,,,,,,,,,,,,,,,,,,,,,,,38.59,23.154,0.0,0.0,39.24,15.260000000000002,0.0,0.0,54.480000000000004,47.67,0.0,0.0,54.480000000000004,45.4,0.0,0.0,186.79000000000002,131.484,0.0,0.0,20.0,13.0,0.0,20.0,20.0,1.0,20.0,0.0,5.0,1.0,9.0,1.0,9.0,1.0,1.0,9.0,7.0,3.0,10.0,0.0,6.0,5.0,6.0,6.0,6.0,6.0,6.0,4.0,6.0,6.0,6.0,3.0,6.0,6.0,6.0,5.0,,,,,,,,,,,,,,,,,,,,,,,,,,,,,,,,,,,,
0,5c5baaec192d350001d5c8e4,23,Man,HighSchool,Portuguese,English,n/a,n/a,No.,BLP,20,11.0,,,,,,,,,,,,,,,,,,,,,,,,,,,,,,,,,,,,,,,,,,,,,,,,,,,,,,,true,true,,,,,,,,,,,,,,,,,,,,,,,40.406,12.258000000000001,0.0,0.0,37.06,17.44,0.0,0.0,49.94,49.94,0.0,0.0,54.480000000000004,49.94,0.0,0.0,181.88600000000002,129.578,0.0,0.0,16.0,8.0,12.0,8.0,20.0,0.0,20.0,0.0,1.0,0.0,9.0,1.0,10.0,0.0,2.0,8.0,5.0,5.0,8.0,2.0,6.0,5.0,6.0,6.0,6.0,6.0,4.0,5.0,6.0,6.0,6.0,4.0,6.0,6.0,6.0,6.0,,,,,,,,,,,,,,,,,,,,,,,,,,,,,,,,,,,,
0,5c5e04ca6539fe00016e1afa,25,Donna,Uni,italiano,inglese,n/a,n/a,no,BLP,20,18.0,,,20.0,5.0,,,20.0,17.0,,,20.0,0.0,,,20.0,0.0,,,5.0,0.0,,,10.0,0.0,,,10.0,0.0,,,10.0,0.0,,,10.0,0.0,,,10.0,0.0,,,6.0,3.0,,,6.0,4.0,,,6.0,4.0,,,true,true,,,6.0,2.0,,,6.0,0.0,,,6.0,2.0,,,6.0,1.0,,,6.0,0.0,,,47.67,18.16,0.0,0.0,54.50000000000001,0.0,0.0,0.0,54.480000000000004,29.51,0.0,0.0,54.480000000000004,6.8100000000000005,0.0,0.0,211.13000000000005,54.480000000000004,0.0,0.0,,,,,,,,,,,,,,,,,,,,,,,,,,,,,,,,,,,,,,,,,,,,,,,,,,,,,,,,,,,,,,,,,,,,,,,,
0,5caca6b4a9acb200011a6547,23,Donna,Uni,Italiano,Inglese,n/a,n/a,no,BLP,20,16.0,,,20.0,0.0,,,20.0,8.0,,,20.0,0.0,,,20.0,0.0,,,20.0,0.0,,,10.0,0.0,,,10.0,0.0,,,9.0,1.0,,,10.0,0.0,,,10.0,0.0,,,6.0,3.0,,,6.0,3.0,,,6.0,4.0,,,true,true,,,6.0,4.0,,,6.0,2.0,,,6.0,0.0,,,6.0,4.0,,,6.0,2.0,,,54.480000000000004,10.896,0.0,0.0,53.410000000000004,1.09,0.0,0.0,54.480000000000004,31.78,0.0,0.0,54.480000000000004,18.16,0.0,0.0,216.85000000000002,61.926,0.0,0.0,,,,,,,,,,,,,,,,,,,,,,,,,,,,,,,,,,,,,,,,,,,,,,,,,,,,,,,,,,,,,,,,,,,,,,,,
0,5cb4adc019ee7300189e8547,25,Donna,Secondaria2,Italiano,Inglese,Spagnolo,n/a,no,BLP,20,14.0,13.0,,20.0,4.0,5.0,,20.0,20.0,15.0,,20.0,0.0,0.0,,20.0,0.0,0.0,,20.0,0.0,0.0,,10.0,1.0,0.0,,10.0,0.0,0.0,,10.0,0.0,0.0,,10.0,8.0,3.0,,10.0,0.0,0.0,,6.0,5.0,4.0,,6.0,6.0,6.0,,6.0,6.0,6.0,,true,true,true,,6.0,5.0,4.0,,6.0,6.0,6.0,,6.0,6.0,6.0,,6.0,6.0,6.0,,6.0,6.0,6.0,,54.480000000000004,17.252,14.982000000000001,0.0,54.50000000000001,9.81,3.2700000000000005,0.0,54.480000000000004,49.94,45.4,0.0,54.480000000000004,54.480000000000004,54.480000000000004,0.0,217.94000000000005,131.482,118.132,0.0,,,,,,,,,,,,,,,,,,,,,,,,,,,,,,,,,,,,,,,,,,,,,,,,,,,,,,,,,,,,,,,,,,,,,,,,
0,5cf14e1eb4397d0001f94e20,24,Altro,Uni,italiano,inglese,n/a,n/a,n/a,BLP,20,15.0,,,20.0,2.0,,,20.0,20.0,,,20.0,0.0,,,20.0,0.0,,,20.0,0.0,,,10.0,0.0,,,10.0,0.0,,,10.0,0.0,,,10.0,4.0,,,10.0,0.0,,,6.0,4.0,,,6.0,6.0,,,6.0,6.0,,,true,true,,,6.0,2.0,,,6.0,1.0,,,6.0,0.0,,,6.0,5.0,,,6.0,2.0,,,54.480000000000004,16.798000000000002,0.0,0.0,54.50000000000001,4.36,0.0,0.0,54.480000000000004,40.86,0.0,0.0,54.480000000000004,18.16,0.0,0.0,217.94000000000005,80.178,0.0,0.0,,,,,,,,,,,,,,,,,,,,,,,,,,,,,,,,,,,,,,,,,,,,,,,,,,,,,,,,,,,,,,,,,,,,,,,,
0,5d97c38dce449e001244dc15,25,Uomo,Master,portoghese,inglese,italiano,francese,spagnolo,BLP,20,2.0,15.0,6.0,20.0,10.0,18.0,16.0,17.0,12.0,1.0,3.0,20.0,0.0,0.0,0.0,20.0,0.0,0.0,0.0,3.0,3.0,0.0,0.0,9.0,1.0,0.0,0.0,10.0,0.0,0.0,0.0,7.0,2.0,1.0,0.0,8.0,1.0,1.0,0.0,10.0,0.0,0.0,0.0,6.0,6.0,4.0,3.0,6.0,6.0,5.0,4.0,6.0,6.0,5.0,5.0,true,true,true,true,6.0,5.0,5.0,3.0,6.0,4.0,2.0,2.0,6.0,1.0,4.0,2.0,6.0,6.0,3.0,3.0,6.0,6.0,2.0,2.0,45.4,12.258000000000001,15.436,11.35,47.96,4.36,2.18,0.0,54.480000000000004,52.21,43.13,34.05,54.480000000000004,38.59,24.97,20.43,202.32,107.418,85.71600000000001,65.83,,,,,,,,,,,,,,,,,,,,,,,,,,,,,,,,,,,,,,,,,,,,,,,,,,,,,,,,,,,,,,,,,,,,,,,,
0,5e80c7d61a07dd7b0d8f0111,25,Donna,Uni2,Italiano,Inglese,Coreano,n/a,no,BLP,20,14.0,0.0,,20.0,9.0,0.0,,20.0,5.0,0.0,,20.0,0.0,0.0,,20.0,0.0,0.0,,3.0,0.0,0.0,,10.0,3.0,1.0,,10.0,0.0,0.0,,10.0,1.0,0.0,,8.0,1.0,1.0,,10.0,0.0,0.0,,6.0,4.0,2.0,,6.0,5.0,2.0,,6.0,4.0,2.0,,true,true,true,,6.0,3.0,1.0,,6.0,2.0,0.0,,6.0,0.0,0.0,,6.0,0.0,0.0,,6.0,0.0,0.0,,46.762,12.712,0.0,0.0,52.32000000000001,5.45,2.18,0.0,54.480000000000004,36.32,15.89,0.0,54.480000000000004,4.54,0.0,0.0,208.04200000000003,59.022,18.07,0.0,,,,,,,,,,,,,,,,,,,,,,,,,,,,,,,,,,,,,,,,,,,,,,,,,,,,,,,,,,,,,,,,,,,,,,,,
0,5e823b35726b2a9508db127c,25,Uomo,Uni,Italiano,Inglese,Piemontese,Francese,No,BLP,20,14.0,20.0,9.0,20.0,2.0,20.0,7.0,20.0,15.0,20.0,3.0,20.0,1.0,20.0,0.0,20.0,0.0,20.0,0.0,20.0,1.0,0.0,0.0,9.0,0.0,1.0,0.0,9.0,0.0,1.0,0.0,8.0,2.0,0.0,0.0,5.0,2.0,3.0,0.0,9.0,0.0,1.0,0.0,6.0,6.0,6.0,2.0,6.0,5.0,6.0,3.0,6.0,6.0,6.0,4.0,true,true,true,true,6.0,6.0,3.0,2.0,6.0,4.0,5.0,0.0,6.0,5.0,6.0,0.0,6.0,6.0,6.0,6.0,6.0,6.0,6.0,2.0,54.480000000000004,14.982000000000001,45.4,8.626,43.6,4.36,6.540000000000001,0.0,54.480000000000004,52.21,47.67,24.97,54.480000000000004,47.67,52.21,18.16,207.04000000000002,119.22200000000001,151.82,51.756,,,,,,,,,,,,,,,,,,,,,,,,,,,,,,,,,,,,,,,,,,,,,,,,,,,,,,,,,,,,,,,,,,,,,,,,
0,5e82e99b37d333a1474dda93,24,Uomo,Uni,Italiano,Inglese,n/a,n/a,no,BLP,20,14.0,,,20.0,4.0,,,13.0,13.0,,,20.0,0.0,,,20.0,0.0,,,1.0,0.0,,,10.0,0.0,,,10.0,0.0,,,10.0,2.0,,,10.0,0.0,,,10.0,0.0,,,6.0,3.0,,,6.0,3.0,,,6.0,4.0,,,true,true,,,5.0,3.0,,,6.0,2.0,,,6.0,2.0,,,6.0,6.0,,,6.0,6.0,,,42.676,14.074,0.0,0.0,54.50000000000001,2.18,0.0,0.0,52.21,29.51,0.0,0.0,54.480000000000004,36.32,0.0,0.0,203.86600000000004,82.084,0.0,0.0,,,,,,,,,,,,,,,,,,,,,,,,,,,,,,,,,,,,,,,,,,,,,,,,,,,,,,,,,,,,,,,,,,,,,,,,
0,5e8783b0fde5153fbd9dca43,24,Donna,Uni2,italiano,inglese,francese,n/a,no,BLP,20,9.0,9.0,,20.0,5.0,0.0,,18.0,12.0,8.0,,20.0,0.0,0.0,,20.0,0.0,0.0,,20.0,0.0,0.0,,9.0,1.0,0.0,,9.0,1.0,0.0,,10.0,0.0,0.0,,7.0,3.0,0.0,,9.0,1.0,0.0,,6.0,4.0,1.0,,6.0,5.0,2.0,,6.0,5.0,2.0,,true,true,true,,6.0,4.0,0.0,,5.0,3.0,0.0,,6.0,0.0,0.0,,6.0,6.0,2.0,,6.0,3.0,1.0,,53.572,11.804,7.718,0.0,47.96,6.540000000000001,0.0,0.0,54.480000000000004,40.86,11.35,0.0,52.21,27.240000000000002,6.8100000000000005,0.0,208.222,86.444,25.878,0.0,,,,,,,,,,,,,,,,,,,,,,,,,,,,,,,,,,,,,,,,,,,,,,,,,,,,,,,,,,,,,,,,,,,,,,,,
0,5e99d95e0f50aa04266ad4ad,22,Donna,Uni,italiano,inglese,n/a,n/a,no,BLP,20,15.0,,,20.0,2.0,,,20.0,13.0,,,20.0,0.0,,,20.0,0.0,,,4.0,1.0,,,10.0,3.0,,,10.0,1.0,,,10.0,10.0,,,10.0,1.0,,,10.0,0.0,,,6.0,3.0,,,6.0,5.0,,,6.0,5.0,,,true,true,,,6.0,4.0,,,6.0,4.0,,,6.0,2.0,,,6.0,6.0,,,6.0,4.0,,,47.216,14.074,0.0,0.0,54.50000000000001,16.35,0.0,0.0,54.480000000000004,38.59,0.0,0.0,54.480000000000004,36.32,0.0,0.0,210.67600000000004,105.334,0.0,0.0,,,,,,,,,,,,,,,,,,,,,,,,,,,,,,,,,,,,,,,,,,,,,,,,,,,,,,,,,,,,,,,,,,,,,,,,
0,5ec806f532fe7d2afa2e315b,24,Donna,Secondaria2,Italiano,Inglese,n/a,n/a,no,BLP,20,14.0,,,20.0,14.0,,,4.0,6.0,,,20.0,0.0,,,20.0,0.0,,,20.0,0.0,,,10.0,1.0,,,10.0,0.0,,,10.0,1.0,,,10.0,1.0,,,10.0,1.0,,,6.0,3.0,,,6.0,5.0,,,6.0,6.0,,,true,true,,,6.0,3.0,,,6.0,3.0,,,6.0,2.0,,,6.0,6.0,,,6.0,6.0,,,47.216,15.436,0.0,0.0,54.50000000000001,4.36,0.0,0.0,54.480000000000004,38.59,0.0,0.0,54.480000000000004,38.59,0.0,0.0,210.67600000000004,96.976,0.0,0.0,,,,,,,,,,,,,,,,,,,,,,,,,,,,,,,,,,,,,,,,,,,,,,,,,,,,,,,,,,,,,,,,,,,,,,,,
0,5ed02ffb8090240f93ab74ad,24,Woman,College,Spanish,English,n/a,n/a,"No, I don't",BLP,20,17.0,,,,,,,,,,,,,,,,,,,,,,,,,,,,,,,,,,,,,,,,,,,,,,,,,,,,,,,true,true,,,,,,,,,,,,,,,,,,,,,,,54.480000000000004,23.608,0.0,0.0,46.870000000000005,7.630000000000001,0.0,0.0,54.480000000000004,38.59,0.0,0.0,54.480000000000004,38.59,0.0,0.0,210.31,108.418,0.0,0.0,20.0,12.0,20.0,20.0,20.0,1.0,20.0,1.0,20.0,1.0,10.0,0.0,10.0,0.0,8.0,2.0,7.0,3.0,8.0,2.0,6.0,3.0,6.0,5.0,6.0,5.0,6.0,4.0,6.0,5.0,6.0,2.0,6.0,6.0,6.0,4.0,,,,,,,,,,,,,,,,,,,,,,,,,,,,,,,,,,,,
0,5ed54d02957bee0c0de36cac,22,Donna,Secondaria2,Italiano,Bulgaro,Inglese,Spagnolo,n/a,BLP,16,20.0,16.0,3.0,15.0,20.0,16.0,0.0,14.0,3.0,14.0,3.0,17.0,5.0,0.0,1.0,17.0,17.0,0.0,0.0,0.0,0.0,0.0,0.0,8.0,0.0,2.0,0.0,2.0,8.0,0.0,0.0,0.0,0.0,0.0,0.0,7.0,1.0,2.0,0.0,10.0,0.0,0.0,0.0,6.0,4.0,5.0,2.0,6.0,6.0,6.0,3.0,6.0,5.0,6.0,3.0,true,true,true,true,6.0,3.0,5.0,1.0,6.0,5.0,6.0,2.0,6.0,4.0,2.0,0.0,6.0,6.0,6.0,3.0,6.0,6.0,6.0,2.0,35.866,29.51,20.884,3.178,29.430000000000003,9.81,4.36,0.0,54.480000000000004,40.86,49.94,20.43,54.480000000000004,47.67,45.4,15.89,174.25600000000003,127.85000000000001,120.584,39.498000000000005,,,,,,,,,,,,,,,,,,,,,,,,,,,,,,,,,,,,,,,,,,,,,,,,,,,,,,,,,,,,,,,,,,,,,,,,
0,5ee25b060f0ccf35b31431af,18,Man,HighSchool,Polish,English,n/a,n/a,no,BLP,20,14.0,,,,,,,,,,,,,,,,,,,,,,,,,,,,,,,,,,,,,,,,,,,,,,,,,,,,,,,true,true,,,,,,,,,,,,,,,,,,,,,,,40.406,13.620000000000001,0.0,0.0,47.96,6.540000000000001,0.0,0.0,54.480000000000004,43.13,0.0,0.0,54.480000000000004,27.240000000000002,0.0,0.0,197.32600000000002,90.53,0.0,0.0,20.0,4.0,12.0,12.0,18.0,0.0,18.0,0.0,1.0,0.0,9.0,1.0,10.0,0.0,8.0,2.0,7.0,3.0,10.0,0.0,6.0,5.0,6.0,5.0,6.0,5.0,6.0,4.0,6.0,6.0,6.0,3.0,6.0,2.0,6.0,1.0,,,,,,,,,,,,,,,,,,,,,,,,,,,,,,,,,,,,
0,5ee7b7c9eef92207297a0ad4,24,Donna,Uni,Italiano,Inglese,Spagnolo,Francese,Russo,BLP,20,14.0,9.0,6.0,20.0,8.0,7.0,3.0,20.0,18.0,8.0,8.0,20.0,0.0,0.0,0.0,20.0,0.0,0.0,0.0,1.0,1.0,0.0,0.0,10.0,1.0,0.0,0.0,10.0,0.0,0.0,0.0,10.0,10.0,0.0,0.0,10.0,8.0,0.0,0.0,10.0,0.0,0.0,0.0,6.0,6.0,3.0,2.0,6.0,6.0,4.0,2.0,6.0,6.0,4.0,2.0,true,true,true,true,6.0,6.0,2.0,1.0,6.0,6.0,0.0,0.0,6.0,3.0,2.0,1.0,6.0,6.0,3.0,3.0,6.0,6.0,0.0,0.0,45.854,18.614,10.896,7.718,54.50000000000001,20.71,0.0,0.0,54.480000000000004,54.480000000000004,29.51,15.89,54.480000000000004,47.67,11.35,9.08,209.31400000000002,141.474,51.75600000000001,32.688,,,,,,,,,,,,,,,,,,,,,,,,,,,,,,,,,,,,,,,,,,,,,,,,,,,,,,,,,,,,,,,,,,,,,,,,
0,5eff6828a958150135ede8a4,22,Woman,HighSchool,polish,engish,german,italian,a bit of french,BLP,20,16.0,6.0,4.0,,,,,,,,,,,,,,,,,,,,,,,,,,,,,,,,,,,,,,,,,,,,,,,,,,,,,true,true,true,true,,,,,,,,,,,,,,,,,,,,,42.222,18.16,3.632,3.632,51.230000000000004,3.2700000000000005,10.9,0.0,52.21,52.21,13.620000000000001,18.16,52.21,38.59,29.51,24.97,197.872,112.23,57.662000000000006,46.762,20.0,12.0,12.0,12.0,20.0,0.0,20.0,0.0,1.0,0.0,10.0,0.0,10.0,0.0,9.0,1.0,8.0,2.0,10.0,0.0,6.0,5.0,6.0,6.0,6.0,6.0,5.0,6.0,6.0,6.0,6.0,0.0,6.0,6.0,5.0,5.0,0.0,0.0,2.0,4.0,0.0,0.0,0.0,0.0,0.0,0.0,0.0,0.0,0.0,0.0,0.0,0.0,0.0,0.0,0.0,0.0,1.0,2.0,3.0,2.0,1.0,2.0,1.0,2.0,1.0,0.0,1.0,0.0,6.0,6.0,5.0,5.0
0,5f11ccbc1a1a2c08b4a99efb,21,Donna,Uni,italiano,inglese,francese,portoghese,n/a,BLP,20,18.0,9.0,0.0,20.0,20.0,7.0,0.0,20.0,20.0,6.0,1.0,20.0,1.0,0.0,0.0,20.0,17.0,0.0,1.0,3.0,1.0,0.0,0.0,10.0,4.0,0.0,0.0,10.0,3.0,0.0,3.0,10.0,5.0,0.0,0.0,10.0,6.0,0.0,0.0,10.0,7.0,0.0,0.0,6.0,6.0,2.0,2.0,6.0,6.0,4.0,3.0,6.0,6.0,5.0,1.0,true,true,true,true,6.0,6.0,2.0,0.0,6.0,6.0,1.0,2.0,4.0,5.0,0.0,1.0,6.0,6.0,4.0,5.0,6.0,6.0,6.0,6.0,46.762,34.958,9.988,0.908,54.50000000000001,27.250000000000004,0.0,3.2700000000000005,54.480000000000004,54.480000000000004,29.51,13.620000000000001,49.94,52.21,24.97,31.78,205.68200000000002,168.898,64.468,49.578,,,,,,,,,,,,,,,,,,,,,,,,,,,,,,,,,,,,,,,,,,,,,,,,,,,,,,,,,,,,,,,,,,,,,,,,
0,5f3161410f87706425490ae1,24,Donna,Secondaria2,Italiano,Inglese,Spagnolo,Cinese,No,BLP,20,14.0,0.0,0.0,20.0,4.0,0.0,0.0,20.0,13.0,0.0,3.0,20.0,0.0,1.0,0.0,20.0,0.0,0.0,0.0,0.0,0.0,0.0,0.0,10.0,0.0,0.0,0.0,10.0,0.0,0.0,0.0,6.0,2.0,0.0,2.0,8.0,2.0,0.0,0.0,10.0,0.0,0.0,0.0,5.0,3.0,1.0,0.0,6.0,3.0,3.0,0.0,6.0,4.0,3.0,1.0,true,true,true,true,4.0,2.0,0.0,0.0,6.0,4.0,4.0,4.0,6.0,0.0,4.0,0.0,6.0,6.0,6.0,4.0,6.0,6.0,6.0,4.0,45.4,14.074,0.454,1.362,47.96,4.36,0.0,2.18,47.67,27.240000000000002,15.89,2.27,54.480000000000004,36.32,45.4,27.240000000000002,195.51,81.994,61.744,33.052,,,,,,,,,,,,,,,,,,,,,,,,,,,,,,,,,,,,,,,,,,,,,,,,,,,,,,,,,,,,,,,,,,,,,,,,
0,5f4cc4ea00dba58ecd5a98a4,22,Uomo,Uni2,Italiano,Inglese,n/a,n/a,no,BLP,20,14.0,,,20.0,6.0,,,5.0,5.0,,,20.0,0.0,,,20.0,0.0,,,0.0,0.0,,,10.0,0.0,,,9.0,1.0,,,10.0,0.0,,,10.0,0.0,,,10.0,0.0,,,6.0,3.0,,,6.0,5.0,,,6.0,6.0,,,true,true,,,6.0,6.0,,,6.0,3.0,,,6.0,1.0,,,6.0,6.0,,,6.0,5.0,,,38.59,11.35,0.0,0.0,53.410000000000004,1.09,0.0,0.0,54.480000000000004,45.4,0.0,0.0,54.480000000000004,34.05,0.0,0.0,200.96000000000004,91.88999999999999,0.0,0.0,,,,,,,,,,,,,,,,,,,,,,,,,,,,,,,,,,,,,,,,,,,,,,,,,,,,,,,,,,,,,,,,,,,,,,,,
0,5f5282f98bb76c54f2c603a7,22,Man,Masters,Portuguese,n/a,n/a,n/a,English,BLP,20,,,,,,,,,,,,,,,,,,,,,,,,,,,,,,,,,,,,,,,,,,,,,,,,,,,,,,,,true,,,,,,,,,,,,,,,,,,,,,,,,41.768,0.0,0.0,0.0,54.50000000000001,0.0,0.0,0.0,54.480000000000004,0.0,0.0,0.0,54.480000000000004,0.0,0.0,0.0,205.228,0.0,0.0,0.0,20.0,,12.0,,20.0,,20.0,,0.0,,10.0,,10.0,,10.0,,10.0,,10.0,,6.0,,6.0,,6.0,,6.0,,6.0,,6.0,,6.0,,6.0,,,,,,,,,,,,,,,,,,,,,,,,,,,,,,,,,,,,,
0,5f60713e595007000a8e1da7,23,Man,College,Polish,English,German,Italian,no,BLP,20,14.0,8.0,5.0,,,,,,,,,,,,,,,,,,,,,,,,,,,,,,,,,,,,,,,,,,,,,,,,,,,,,true,true,true,true,,,,,,,,,,,,,,,,,,,,,43.13,14.528,5.902,3.178,40.330000000000005,11.99,11.99,0.0,54.480000000000004,49.94,27.240000000000002,20.43,54.480000000000004,49.94,24.97,13.620000000000001,192.42000000000002,126.398,70.102,37.228,20.0,12.0,14.0,3.0,20.0,0.0,20.0,0.0,1.0,3.0,7.0,3.0,10.0,0.0,2.0,6.0,8.0,2.0,10.0,0.0,6.0,5.0,6.0,6.0,6.0,6.0,6.0,5.0,6.0,5.0,6.0,5.0,6.0,6.0,6.0,6.0,4.0,2.0,0.0,0.0,0.0,0.0,0.0,0.0,1.0,0.0,0.0,0.0,0.0,0.0,1.0,0.0,0.0,0.0,0.0,0.0,3.0,2.0,4.0,3.0,3.0,2.0,2.0,2.0,2.0,1.0,2.0,1.0,3.0,2.0,4.0,2.0
0,5fb3f38909fc360164f7c98d,23,Donna,Uni,Portoghese,Inglese,Francese,Spagnolo,Italiano,BLP,20,16.0,8.0,5.0,20.0,10.0,6.0,5.0,18.0,13.0,3.0,5.0,20.0,0.0,0.0,0.0,20.0,0.0,0.0,0.0,20.0,0.0,0.0,0.0,9.0,1.0,0.0,0.0,10.0,0.0,0.0,0.0,6.0,4.0,0.0,0.0,8.0,1.0,1.0,0.0,10.0,0.0,0.0,0.0,6.0,5.0,2.0,4.0,6.0,6.0,4.0,6.0,6.0,6.0,6.0,6.0,true,true,true,true,6.0,6.0,3.0,3.0,6.0,6.0,6.0,6.0,6.0,6.0,6.0,4.0,6.0,6.0,4.0,2.0,6.0,6.0,4.0,1.0,53.572,17.706,7.718,6.8100000000000005,46.870000000000005,6.540000000000001,1.09,0.0,54.480000000000004,52.21,34.05,43.13,54.480000000000004,54.480000000000004,45.4,29.51,209.40200000000004,130.936,88.258,79.45,,,,,,,,,,,,,,,,,,,,,,,,,,,,,,,,,,,,,,,,,,,,,,,,,,,,,,,,,,,,,,,,,,,,,,,,
0,5fb7b8880045d6396a86c803,22,Uomo,Uni,italiano,inglese,n/a,n/a,n/a,BLP,20,14.0,,,20.0,4.0,,,13.0,16.0,,,20.0,11.0,,,8.0,6.0,,,4.0,5.0,,,10.0,5.0,,,10.0,0.0,,,10.0,0.0,,,9.0,1.0,,,9.0,1.0,,,6.0,4.0,,,6.0,4.0,,,6.0,4.0,,,true,true,,,6.0,4.0,,,6.0,4.0,,,6.0,3.0,,,6.0,3.0,,,6.0,4.0,,,38.59,25.424,0.0,0.0,52.32000000000001,7.630000000000001,0.0,0.0,54.480000000000004,36.32,0.0,0.0,54.480000000000004,31.78,0.0,0.0,199.87,101.154,0.0,0.0,,,,,,,,,,,,,,,,,,,,,,,,,,,,,,,,,,,,,,,,,,,,,,,,,,,,,,,,,,,,,,,,,,,,,,,,
0,5fbbdd11ff4568d9cc3536fb,21,Woman,HighSchool,Danish,English,n/a,n/a,Only very little spanish,BLP,20,14.0,,,,,,,,,,,,,,,,,,,,,,,,,,,,,,,,,,,,,,,,,,,,,,,,,,,,,,,true,true,,,,,,,,,,,,,,,,,,,,,,,42.676,14.528,0.0,0.0,45.78,8.72,0.0,0.0,54.480000000000004,54.480000000000004,0.0,0.0,54.480000000000004,45.4,0.0,0.0,197.416,123.12800000000001,0.0,0.0,20.0,8.0,12.0,9.0,20.0,0.0,20.0,0.0,2.0,1.0,8.0,2.0,9.0,1.0,9.0,1.0,7.0,3.0,9.0,1.0,6.0,6.0,6.0,6.0,6.0,6.0,6.0,6.0,6.0,5.0,6.0,4.0,6.0,6.0,6.0,5.0,,,,,,,,,,,,,,,,,,,,,,,,,,,,,,,,,,,,
0,5fc65d9cc4575b0b47981de8,23,Man,PlusCollege,Polish,English,n/a,n/a,No,BLP,20,13.0,,,,,,,,,,,,,,,,,,,,,,,,,,,,,,,,,,,,,,,,,,,,,,,,,,,,,,,true,true,,,,,,,,,,,,,,,,,,,,,,,43.13,14.528,0.0,0.0,52.32000000000001,2.18,0.0,0.0,52.21,36.32,0.0,0.0,54.480000000000004,36.32,0.0,0.0,202.14000000000004,89.34800000000001,0.0,0.0,20.0,6.0,14.0,12.0,20.0,0.0,20.0,0.0,1.0,1.0,10.0,0.0,10.0,0.0,8.0,2.0,10.0,0.0,10.0,0.0,6.0,3.0,5.0,4.0,6.0,5.0,6.0,4.0,6.0,2.0,6.0,2.0,6.0,6.0,6.0,6.0,,,,,,,,,,,,,,,,,,,,,,,,,,,,,,,,,,,,
0,5fd0c81fc79aef1882cbee94,23,Man,MinusCollege,Polish,English,n/a,n/a,No,BLP,20,16.0,,,,,,,,,,,,,,,,,,,,,,,,,,,,,,,,,,,,,,,,,,,,,,,,,,,,,,,true,true,,,,,,,,,,,,,,,,,,,,,,,44.946,19.976,0.0,0.0,41.42,13.080000000000002,0.0,0.0,54.480000000000004,49.94,0.0,0.0,49.94,47.67,0.0,0.0,190.786,130.666,0.0,0.0,20.0,10.0,16.0,16.0,20.0,1.0,20.0,0.0,3.0,1.0,8.0,2.0,10.0,0.0,6.0,4.0,5.0,5.0,9.0,1.0,6.0,5.0,6.0,6.0,6.0,6.0,6.0,5.0,5.0,6.0,5.0,5.0,6.0,6.0,6.0,4.0,,,,,,,,,,,,,,,,,,,,,,,,,,,,,,,,,,,,
0,5fdf808af53c7a7e9199b430,24,Man,PlusCollege,polish,n/a,n/a,n/a,english,BLP,20,,,,,,,,,,,,,,,,,,,,,,,,,,,,,,,,,,,,,,,,,,,,,,,,,,,,,,,,true,,,,,,,,,,,,,,,,,,,,,,,,47.67,0.0,0.0,0.0,53.410000000000004,0.0,0.0,0.0,54.480000000000004,0.0,0.0,0.0,43.13,0.0,0.0,0.0,198.69,0.0,0.0,0.0,20.0,,20.0,,20.0,,20.0,,5.0,,9.0,,10.0,,10.0,,10.0,,10.0,,6.0,,6.0,,6.0,,6.0,,6.0,,5.0,,4.0,,4.0,,,,,,,,,,,,,,,,,,,,,,,,,,,,,,,,,,,,,
0,5feb64b3341f42bb63200e36,24,Donna,Secondaria2,italiano,inglese,napoletano,n/a,"spagnolo, francese",BLP,20,15.0,20.0,,20.0,9.0,20.0,,19.0,20.0,20.0,,20.0,0.0,20.0,,20.0,20.0,20.0,,20.0,20.0,20.0,,10.0,1.0,10.0,,10.0,0.0,10.0,,10.0,5.0,0.0,,10.0,10.0,10.0,,10.0,0.0,1.0,,6.0,6.0,6.0,,6.0,5.0,6.0,,6.0,6.0,6.0,,true,true,true,,6.0,5.0,3.0,,6.0,4.0,6.0,,6.0,0.0,6.0,,6.0,0.0,6.0,,6.0,0.0,6.0,,54.026,38.136,54.480000000000004,0.0,54.50000000000001,17.44,33.79,0.0,54.480000000000004,49.94,47.67,0.0,54.480000000000004,9.08,54.480000000000004,0.0,217.48600000000005,114.596,190.42000000000002,0.0,,,,,,,,,,,,,,,,,,,,,,,,,,,,,,,,,,,,,,,,,,,,,,,,,,,,,,,,,,,,,,,,,,,,,,,,
0,603e0fefed5529d4b14e3546,24,Man,Masters,polish,english,french,n/a,n/a,BLP,20,14.0,4.0,,,,,,,,,,,,,,,,,,,,,,,,,,,,,,,,,,,,,,,,,,,,,,,,,,,,,,true,true,true,,,,,,,,,,,,,,,,,,,,,,53.572,14.982000000000001,3.178,0.0,47.96,5.45,11.99,0.0,54.480000000000004,49.94,13.620000000000001,0.0,13.620000000000001,20.43,13.620000000000001,0.0,169.632,90.80199999999999,42.408,0.0,20.0,4.0,18.0,14.0,20.0,0.0,20.0,0.0,20.0,1.0,9.0,1.0,10.0,0.0,9.0,1.0,7.0,2.0,9.0,1.0,6.0,5.0,6.0,6.0,6.0,6.0,6.0,5.0,2.0,4.0,0.0,3.0,3.0,2.0,1.0,0.0,0.0,,3.0,,0.0,,0.0,,0.0,,0.0,,0.0,,0.0,,1.0,,0.0,,2.0,,1.0,,2.0,,1.0,,0.0,,4.0,,2.0,,0.0,
0,6048158f62550615002408af,22,Uomo,Secondaria2,Italiano,Inglese,n/a,n/a,solo l'inglese,BLP,20,12.0,,,20.0,4.0,,,20.0,12.0,,,20.0,0.0,,,20.0,0.0,,,20.0,0.0,,,10.0,0.0,,,10.0,0.0,,,7.0,3.0,,,10.0,0.0,,,10.0,0.0,,,6.0,3.0,,,6.0,5.0,,,6.0,6.0,,,true,true,,,6.0,4.0,,,6.0,1.0,,,6.0,3.0,,,6.0,2.0,,,6.0,0.0,,,54.480000000000004,12.712,0.0,0.0,51.230000000000004,3.2700000000000005,0.0,0.0,54.480000000000004,40.86,0.0,0.0,54.480000000000004,13.620000000000001,0.0,0.0,214.67000000000002,70.462,0.0,0.0,,,,,,,,,,,,,,,,,,,,,,,,,,,,,,,,,,,,,,,,,,,,,,,,,,,,,,,,,,,,,,,,,,,,,,,,
0,605c9355001a5eb6d51e657d,23,Altro,Uni,Italiano,Inglese,n/a,n/a,No,BLP,20,14.0,,,20.0,0.0,,,20.0,18.0,,,20.0,0.0,,,20.0,0.0,,,20.0,0.0,,,10.0,1.0,,,10.0,0.0,,,10.0,1.0,,,10.0,0.0,,,10.0,0.0,,,6.0,3.0,,,6.0,3.0,,,6.0,4.0,,,true,true,,,6.0,3.0,,,6.0,2.0,,,6.0,3.0,,,5.0,5.0,,,3.0,3.0,,,54.480000000000004,14.528,0.0,0.0,54.50000000000001,2.18,0.0,0.0,54.480000000000004,29.51,0.0,0.0,45.4,29.51,0.0,0.0,208.86000000000004,75.72800000000001,0.0,0.0,,,,,,,,,,,,,,,,,,,,,,,,,,,,,,,,,,,,,,,,,,,,,,,,,,,,,,,,,,,,,,,,,,,,,,,,
0,605de3af48d7a575adb95b09,23,Man,College,English,n/a,n/a,n/a,No,BLP,20,,,,,,,,,,,,,,,,,,,,,,,,,,,,,,,,,,,,,,,,,,,,,,,,,,,,,,,,true,,,,,,,,,,,,,,,,,,,,,,,,44.492000000000004,0.0,0.0,0.0,54.50000000000001,0.0,0.0,0.0,54.480000000000004,0.0,0.0,0.0,54.480000000000004,0.0,0.0,0.0,207.95200000000006,0.0,0.0,0.0,20.0,,15.0,,20.0,,20.0,,3.0,,10.0,,10.0,,10.0,,10.0,,10.0,,6.0,,6.0,,6.0,,6.0,,6.0,,6.0,,6.0,,6.0,,,,,,,,,,,,,,,,,,,,,,,,,,,,,,,,,,,,,
0,608abc6251feb3ddc3b2e01d,21,Donna,Secondaria2,italiana,inglese,n/a,n/a,no,BLP,20,17.0,,,20.0,20.0,,,18.0,16.0,,,20.0,0.0,,,20.0,0.0,,,20.0,0.0,,,10.0,0.0,,,10.0,0.0,,,10.0,2.0,,,10.0,2.0,,,10.0,0.0,,,6.0,5.0,,,6.0,6.0,,,6.0,6.0,,,true,true,,,6.0,6.0,,,6.0,6.0,,,6.0,4.0,,,6.0,6.0,,,6.0,4.0,,,53.572,24.062,0.0,0.0,54.50000000000001,4.36,0.0,0.0,54.480000000000004,52.21,0.0,0.0,54.480000000000004,45.4,0.0,0.0,217.03200000000004,126.03200000000001,0.0,0.0,,,,,,,,,,,,,,,,,,,,,,,,,,,,,,,,,,,,,,,,,,,,,,,,,,,,,,,,,,,,,,,,,,,,,,,,
0,608edc13472b2dbc27b369fa,20,Uomo,Uni2,Portuguese,English,Italiano,n/a,n/a,BLP,20,10.0,16.0,,20.0,10.0,17.0,,19.0,10.0,15.0,,19.0,9.0,4.0,,19.0,12.0,8.0,,18.0,14.0,11.0,,10.0,4.0,3.0,,10.0,7.0,6.0,,8.0,2.0,0.0,,10.0,6.0,4.0,,10.0,8.0,0.0,,6.0,5.0,5.0,,6.0,6.0,5.0,,6.0,6.0,6.0,,true,true,true,,5.0,5.0,4.0,,6.0,5.0,5.0,,5.0,4.0,6.0,,6.0,6.0,6.0,,5.0,6.0,5.0,,52.21,29.51,32.234,0.0,52.32000000000001,29.430000000000003,14.170000000000002,0.0,52.21,49.94,45.4,0.0,49.94,47.67,49.94,0.0,206.68,156.55,141.744,0.0,,,,,,,,,,,,,,,,,,,,,,,,,,,,,,,,,,,,,,,,,,,,,,,,,,,,,,,,,,,,,,,,,,,,,,,,
0,609568823ff056b77e565445,24,Uomo,Uni,Italiana,Inglese,n/a,n/a,no,BLP,20,13.0,,,20.0,20.0,,,3.0,6.0,,,20.0,0.0,,,20.0,0.0,,,20.0,3.0,,,10.0,0.0,,,10.0,0.0,,,10.0,4.0,,,10.0,0.0,,,10.0,0.0,,,6.0,6.0,,,6.0,6.0,,,6.0,6.0,,,true,true,,,5.0,6.0,,,6.0,6.0,,,6.0,6.0,,,6.0,6.0,,,6.0,5.0,,,46.762,19.068,0.0,0.0,54.50000000000001,4.36,0.0,0.0,52.21,54.480000000000004,0.0,0.0,54.480000000000004,52.21,0.0,0.0,207.952,130.118,0.0,0.0,,,,,,,,,,,,,,,,,,,,,,,,,,,,,,,,,,,,,,,,,,,,,,,,,,,,,,,,,,,,,,,,,,,,,,,,
0,60a45e33f404ba8cb7a19cfe,22,Uomo,Master,Francese,Inglese,Spagnolo,Italiano,Polacco e portoghese,BLP,20,14.0,7.0,4.0,20.0,8.0,5.0,3.0,17.0,16.0,9.0,6.0,20.0,1.0,0.0,0.0,20.0,20.0,0.0,0.0,4.0,2.0,1.0,1.0,5.0,4.0,0.0,1.0,9.0,1.0,0.0,0.0,1.0,8.0,0.0,1.0,4.0,5.0,0.0,1.0,7.0,3.0,0.0,0.0,6.0,6.0,4.0,5.0,6.0,6.0,5.0,4.0,6.0,6.0,6.0,5.0,true,true,true,true,6.0,6.0,4.0,4.0,5.0,5.0,3.0,4.0,6.0,6.0,2.0,4.0,6.0,6.0,3.0,5.0,6.0,6.0,3.0,5.0,45.854,27.694000000000003,9.988,6.356,28.340000000000003,22.89,0.0,3.2700000000000005,54.480000000000004,54.480000000000004,43.13,40.86,52.21,52.21,24.97,40.86,180.88400000000001,157.274,78.088,91.346,,,,,,,,,,,,,,,,,,,,,,,,,,,,,,,,,,,,,,,,,,,,,,,,,,,,,,,,,,,,,,,,,,,,,,,,
0,60b55a6d44e17d6f0b810cdd,25,Uomo,Master,Italiano,Inglese,spagnolo,n/a,no,BLP,17,13.0,2.0,,20.0,1.0,0.0,,13.0,11.0,3.0,,20.0,0.0,0.0,,20.0,0.0,0.0,,2.0,1.0,0.0,,10.0,0.0,0.0,,10.0,0.0,0.0,,8.0,2.0,0.0,,8.0,2.0,0.0,,10.0,0.0,0.0,,6.0,5.0,2.0,,6.0,5.0,2.0,,6.0,5.0,3.0,,true,true,true,,5.0,3.0,2.0,,6.0,6.0,2.0,,6.0,5.0,1.0,,6.0,6.0,2.0,,6.0,3.0,1.0,,41.768,11.804,2.27,0.0,50.14,4.36,0.0,0.0,52.21,40.86,20.43,0.0,54.480000000000004,45.4,13.620000000000001,0.0,198.598,102.424,36.32,0.0,,,,,,,,,,,,,,,,,,,,,,,,,,,,,,,,,,,,,,,,,,,,,,,,,,,,,,,,,,,,,,,,,,,,,,,,
0,60b87f3ca1dbf6bb340c9bb0,21,Man,HighSchool,Polish,English,German,French,n/a,BLP,20,15.0,6.0,0.0,,,,,,,,,,,,,,,,,,,,,,,,,,,,,,,,,,,,,,,,,,,,,,,,,,,,,true,true,true,true,,,,,,,,,,,,,,,,,,,,,53.118,14.528,5.448,0.0,43.6,10.9,10.9,0.0,54.480000000000004,49.94,6.8100000000000005,0.0,40.86,40.86,22.7,29.51,192.058,116.228,45.858000000000004,29.51,20.0,2.0,17.0,15.0,20.0,0.0,20.0,0.0,20.0,0.0,8.0,2.0,10.0,0.0,8.0,2.0,6.0,4.0,8.0,2.0,6.0,5.0,6.0,6.0,6.0,6.0,6.0,5.0,6.0,6.0,3.0,3.0,6.0,6.0,3.0,3.0,0.0,0.0,6.0,0.0,0.0,0.0,0.0,0.0,0.0,0.0,0.0,0.0,0.0,0.0,0.0,0.0,0.0,0.0,0.0,0.0,1.0,0.0,1.0,0.0,1.0,0.0,0.0,0.0,0.0,2.0,3.0,3.0,4.0,5.0,3.0,3.0
0,60ba2011cd8052508d401296,24,Uomo,Uni,Italiano,Inglese,n/a,n/a,No,BLP,20,15.0,,,20.0,2.0,,,16.0,14.0,,,20.0,0.0,,,20.0,0.0,,,0.0,0.0,,,9.0,1.0,,,10.0,0.0,,,9.0,1.0,,,9.0,1.0,,,10.0,0.0,,,6.0,4.0,,,6.0,3.0,,,6.0,5.0,,,true,true,,,6.0,3.0,,,6.0,4.0,,,6.0,2.0,,,6.0,6.0,,,6.0,0.0,,,43.584,14.074,0.0,0.0,51.230000000000004,3.2700000000000005,0.0,0.0,54.480000000000004,34.05,0.0,0.0,54.480000000000004,27.240000000000002,0.0,0.0,203.774,78.634,0.0,0.0,,,,,,,,,,,,,,,,,,,,,,,,,,,,,,,,,,,,,,,,,,,,,,,,,,,,,,,,,,,,,,,,,,,,,,,,
0,60bb62cbaccd206e3502516e,25,Woman,PlusCollege,spanish,english,n/a,n/a,n/a,BLP,20,14.0,,,,,,,,,,,,,,,,,,,,,,,,,,,,,,,,,,,,,,,,,,,,,,,,,,,,,,,true,true,,,,,,,,,,,,,,,,,,,,,,,45.4,12.712,0.0,0.0,49.050000000000004,5.45,0.0,0.0,54.480000000000004,47.67,0.0,0.0,54.480000000000004,20.43,0.0,0.0,203.41000000000003,86.262,0.0,0.0,20.0,9.0,20.0,4.0,20.0,1.0,20.0,0.0,0.0,0.0,8.0,2.0,10.0,0.0,8.0,2.0,9.0,1.0,10.0,0.0,6.0,4.0,6.0,6.0,6.0,6.0,6.0,5.0,6.0,3.0,6.0,2.0,6.0,2.0,6.0,2.0,,,,,,,,,,,,,,,,,,,,,,,,,,,,,,,,,,,,
0,60c9c6e1728092717b93abde,24,Uomo,Uni,Italiano,Inglese,Dialetto di Carovigno,Spagnolo,no,BLP,20,15.0,2.0,9.0,20.0,3.0,0.0,0.0,20.0,15.0,3.0,2.0,20.0,1.0,1.0,0.0,20.0,0.0,1.0,0.0,20.0,2.0,0.0,0.0,10.0,0.0,0.0,0.0,8.0,0.0,2.0,0.0,6.0,4.0,0.0,0.0,7.0,2.0,1.0,0.0,9.0,1.0,0.0,0.0,6.0,5.0,2.0,1.0,6.0,6.0,4.0,1.0,6.0,6.0,0.0,0.0,true,true,true,true,6.0,5.0,1.0,0.0,6.0,6.0,6.0,0.0,6.0,6.0,3.0,0.0,6.0,6.0,0.0,0.0,6.0,3.0,1.0,0.0,54.480000000000004,16.344,3.178,4.994,43.6,7.630000000000001,3.2700000000000005,0.0,54.480000000000004,49.94,15.89,4.54,54.480000000000004,47.67,22.7,0.0,207.04000000000002,121.584,45.038,9.533999999999999,,,,,,,,,,,,,,,,,,,,,,,,,,,,,,,,,,,,,,,,,,,,,,,,,,,,,,,,,,,,,,,,,,,,,,,,
0,60d87fdab51e54fe4863f97f,20,Donna,Secondaria2,italiano,inglese,francese,spagnolo,no,BLP,20,15.0,6.0,6.0,20.0,5.0,5.0,5.0,0.0,14.0,14.0,14.0,20.0,0.0,0.0,0.0,20.0,0.0,0.0,0.0,20.0,0.0,0.0,0.0,10.0,10.0,1.0,1.0,10.0,10.0,1.0,1.0,10.0,10.0,1.0,1.0,10.0,10.0,5.0,5.0,10.0,10.0,10.0,10.0,6.0,6.0,6.0,6.0,6.0,6.0,6.0,6.0,6.0,6.0,6.0,6.0,true,true,true,true,6.0,6.0,6.0,6.0,6.0,6.0,6.0,6.0,6.0,6.0,6.0,6.0,6.0,6.0,6.0,6.0,6.0,6.0,6.0,6.0,45.4,15.436,11.35,11.35,54.50000000000001,54.50000000000001,19.62,19.62,54.480000000000004,54.480000000000004,54.480000000000004,54.480000000000004,54.480000000000004,54.480000000000004,54.480000000000004,54.480000000000004,208.86,178.89600000000002,139.93,139.93,,,,,,,,,,,,,,,,,,,,,,,,,,,,,,,,,,,,,,,,,,,,,,,,,,,,,,,,,,,,,,,,,,,,,,,,
0,60d8873c18e520a7d5ae555f,22,Woman,College,polish,english,french,n/a,no,BLP,20,17.0,5.0,,,,,,,,,,,,,,,,,,,,,,,,,,,,,,,,,,,,,,,,,,,,,,,,,,,,,,true,true,true,,,,,,,,,,,,,,,,,,,,,,42.222,16.798000000000002,4.54,0.0,45.78,7.630000000000001,11.99,0.0,54.480000000000004,54.480000000000004,29.51,0.0,54.480000000000004,45.4,29.51,0.0,196.96200000000005,124.30800000000002,75.55000000000001,0.0,20.0,5.0,12.0,14.0,20.0,0.0,20.0,0.0,1.0,1.0,10.0,0.0,10.0,0.0,2.0,7.0,10.0,0.0,10.0,0.0,6.0,6.0,6.0,6.0,6.0,6.0,6.0,6.0,6.0,6.0,6.0,3.0,6.0,6.0,6.0,5.0,0.0,,4.0,,0.0,,0.0,,1.0,,0.0,,0.0,,1.0,,0.0,,0.0,,3.0,,3.0,,4.0,,3.0,,4.0,,2.0,,4.0,,3.0,
0,60ddf71e95896d2595f0e1a5,20,Donna,Secondaria2,Italiano,Inglese,Francese,Spagnolo,no,BLP,20,13.0,8.0,4.0,20.0,7.0,3.0,2.0,20.0,18.0,7.0,4.0,20.0,0.0,0.0,0.0,20.0,0.0,0.0,0.0,20.0,0.0,0.0,0.0,10.0,0.0,0.0,0.0,10.0,0.0,0.0,0.0,10.0,0.0,0.0,0.0,10.0,0.0,0.0,0.0,10.0,0.0,0.0,0.0,6.0,5.0,3.0,3.0,6.0,5.0,3.0,3.0,6.0,6.0,5.0,5.0,true,true,true,true,6.0,3.0,1.0,1.0,6.0,2.0,0.0,1.0,6.0,0.0,0.0,1.0,6.0,6.0,4.0,5.0,6.0,0.0,0.0,4.0,54.480000000000004,17.252,8.172,4.54,54.50000000000001,0.0,0.0,0.0,54.480000000000004,43.13,27.240000000000002,27.240000000000002,54.480000000000004,18.16,9.08,24.97,217.94000000000005,78.542,44.492000000000004,56.75,,,,,,,,,,,,,,,,,,,,,,,,,,,,,,,,,,,,,,,,,,,,,,,,,,,,,,,,,,,,,,,,,,,,,,,,
0,60f1846c851ee5a978a0e015,22,Donna,Uni,Italiano,Inglese,Francese,n/a,No,BLP,20,11.0,8.0,,20.0,9.0,0.0,,20.0,14.0,11.0,,8.0,14.0,0.0,,20.0,14.0,0.0,,0.0,2.0,0.0,,0.0,10.0,0.0,,5.0,5.0,0.0,,1.0,8.0,1.0,,2.0,7.0,1.0,,1.0,9.0,0.0,,6.0,6.0,4.0,,6.0,6.0,5.0,,6.0,6.0,3.0,,true,true,true,,2.0,6.0,3.0,,6.0,6.0,6.0,,4.0,2.0,0.0,,6.0,6.0,6.0,,6.0,6.0,6.0,,39.952,29.056,8.626,0.0,9.81,42.510000000000005,2.18,0.0,45.4,54.480000000000004,34.05,0.0,49.94,45.4,40.86,0.0,145.102,171.446,85.716,0.0,,,,,,,,,,,,,,,,,,,,,,,,,,,,,,,,,,,,,,,,,,,,,,,,,,,,,,,,,,,,,,,,,,,,,,,,
0,60fd0845a9a6b47d7adfea22,22,Woman,PlusCollege,Afrikaans,English,n/a,n/a,No,BLP,20,18.0,,,,,,,,,,,,,,,,,,,,,,,,,,,,,,,,,,,,,,,,,,,,,,,,,,,,,,,true,true,,,,,,,,,,,,,,,,,,,,,,,48.578,35.412,0.0,0.0,31.610000000000003,22.89,0.0,0.0,54.480000000000004,52.21,0.0,0.0,54.480000000000004,20.43,0.0,0.0,189.14800000000002,130.942,0.0,0.0,20.0,11.0,13.0,13.0,20.0,20.0,20.0,2.0,14.0,14.0,5.0,5.0,5.0,5.0,1.0,9.0,9.0,1.0,9.0,1.0,6.0,5.0,6.0,6.0,6.0,6.0,6.0,6.0,6.0,3.0,6.0,0.0,6.0,0.0,6.0,6.0,,,,,,,,,,,,,,,,,,,,,,,,,,,,,,,,,,,,
0,60fd703ecd62eb39eb07c328,23,Donna,Uni,italiano,inglese,francese,tedesco,no,BLP,20,15.0,8.0,11.0,20.0,6.0,2.0,0.0,13.0,13.0,5.0,4.0,20.0,1.0,0.0,0.0,20.0,0.0,0.0,0.0,3.0,1.0,0.0,0.0,9.0,1.0,0.0,0.0,10.0,0.0,0.0,0.0,2.0,8.0,0.0,0.0,5.0,5.0,0.0,0.0,5.0,5.0,0.0,0.0,6.0,6.0,3.0,0.0,6.0,6.0,5.0,1.0,6.0,6.0,5.0,1.0,true,true,true,true,6.0,6.0,3.0,1.0,6.0,6.0,1.0,2.0,6.0,3.0,0.0,0.0,6.0,6.0,4.0,6.0,6.0,6.0,2.0,3.0,43.584,16.344,6.8100000000000005,6.8100000000000005,33.79,20.71,0.0,0.0,54.480000000000004,54.480000000000004,36.32,6.8100000000000005,54.480000000000004,47.67,15.89,24.97,186.334,139.204,59.02,38.59,,,,,,,,,,,,,,,,,,,,,,,,,,,,,,,,,,,,,,,,,,,,,,,,,,,,,,,,,,,,,,,,,,,,,,,,
0,60fd913b3fd4aeea9829cff3,20,Man,MinusCollege,english,hindi,n/a,n/a,no,BLP,20,20.0,,,,,,,,,,,,,,,,,,,,,,,,,,,,,,,,,,,,,,,,,,,,,,,,,,,,,,,true,true,,,,,,,,,,,,,,,,,,,,,,,54.480000000000004,36.32,0.0,0.0,33.79,20.71,0.0,0.0,54.480000000000004,24.97,0.0,0.0,47.67,54.480000000000004,0.0,0.0,190.42000000000002,136.48000000000002,0.0,0.0,20.0,20.0,20.0,0.0,20.0,0.0,20.0,20.0,20.0,20.0,10.0,0.0,0.0,10.0,10.0,0.0,2.0,8.0,9.0,1.0,6.0,6.0,6.0,5.0,6.0,0.0,6.0,0.0,4.0,6.0,5.0,6.0,6.0,6.0,6.0,6.0,,,,,,,,,,,,,,,,,,,,,,,,,,,,,,,,,,,,
0,61086c2bfda98ba5d75b9db4,25,Woman,College,Polish,English,Spanish,Russian,No.,BLP,20,14.0,1.0,3.0,,,,,,,,,,,,,,,,,,,,,,,,,,,,,,,,,,,,,,,,,,,,,,,,,,,,,true,true,true,true,,,,,,,,,,,,,,,,,,,,,46.762,20.43,2.27,3.632,35.970000000000006,14.170000000000002,14.170000000000002,1.09,54.480000000000004,54.480000000000004,27.240000000000002,13.620000000000001,54.480000000000004,49.94,40.86,4.54,191.692,139.02,84.54,22.882,15.0,8.0,19.0,19.0,20.0,0.0,20.0,0.0,9.0,4.0,9.0,1.0,10.0,0.0,3.0,6.0,6.0,3.0,5.0,3.0,6.0,6.0,6.0,6.0,6.0,6.0,6.0,6.0,6.0,6.0,6.0,4.0,6.0,6.0,6.0,6.0,0.0,0.0,4.0,3.0,0.0,0.0,0.0,0.0,0.0,2.0,0.0,0.0,0.0,0.0,1.0,0.0,1.0,0.0,1.0,1.0,2.0,1.0,2.0,2.0,4.0,0.0,4.0,3.0,3.0,1.0,3.0,0.0,6.0,1.0,6.0,0.0
0,61158a5c1d8390415ff117a8,22,Donna,Uni,Italiano,Inglese,Spagnolo,Tedesco,no,BLP,20,15.0,6.0,6.0,20.0,5.0,0.0,0.0,20.0,15.0,5.0,5.0,20.0,0.0,0.0,1.0,20.0,0.0,0.0,0.0,20.0,4.0,2.0,0.0,7.0,2.0,1.0,0.0,10.0,0.0,0.0,0.0,7.0,2.0,1.0,0.0,5.0,3.0,1.0,0.0,9.0,1.0,0.0,0.0,6.0,6.0,4.0,2.0,6.0,6.0,6.0,3.0,6.0,6.0,4.0,1.0,true,true,true,true,6.0,6.0,4.0,0.0,6.0,6.0,6.0,3.0,6.0,4.0,4.0,4.0,6.0,6.0,6.0,5.0,6.0,6.0,6.0,3.0,54.480000000000004,17.706,5.902,5.448,41.42,8.72,3.2700000000000005,0.0,54.480000000000004,54.480000000000004,40.86,13.620000000000001,54.480000000000004,49.94,49.94,34.05,204.86,130.846,99.972,53.117999999999995,,,,,,,,,,,,,,,,,,,,,,,,,,,,,,,,,,,,,,,,,,,,,,,,,,,,,,,,,,,,,,,,,,,,,,,,
0,611d33d7cc16fdd812b1a4c4,21,Woman,MinusCollege,Portuguese,English,n/a,n/a,I can understand spanish and some french,BLP,20,20.0,,,,,,,,,,,,,,,,,,,,,,,,,,,,,,,,,,,,,,,,,,,,,,,,,,,,,,,true,true,,,,,,,,,,,,,,,,,,,,,,,52.21,34.050000000000004,0.0,0.0,40.330000000000005,14.170000000000002,0.0,0.0,54.480000000000004,54.480000000000004,0.0,0.0,52.21,27.240000000000002,0.0,0.0,199.23000000000002,129.94000000000003,0.0,0.0,20.0,20.0,15.0,15.0,20.0,0.0,20.0,20.0,20.0,0.0,8.0,2.0,9.0,1.0,7.0,3.0,5.0,5.0,8.0,2.0,6.0,6.0,6.0,6.0,6.0,6.0,6.0,6.0,5.0,5.0,6.0,4.0,6.0,2.0,6.0,1.0,,,,,,,,,,,,,,,,,,,,,,,,,,,,,,,,,,,,
0,6127f94d2af664941ae3bf4f,25,Man,College,Portuguese,English,n/a,n/a,Spanish,BLP,20,14.0,,,,,,,,,,,,,,,,,,,,,,,,,,,,,,,,,,,,,,,,,,,,,,,,,,,,,,,true,true,,,,,,,,,,,,,,,,,,,,,,,45.854,17.706,0.0,0.0,40.330000000000005,14.170000000000002,0.0,0.0,54.480000000000004,49.94,0.0,0.0,54.480000000000004,31.78,0.0,0.0,195.144,113.596,0.0,0.0,20.0,6.0,20.0,18.0,20.0,0.0,20.0,0.0,1.0,1.0,5.0,5.0,10.0,0.0,7.0,3.0,7.0,3.0,8.0,2.0,6.0,5.0,6.0,6.0,6.0,6.0,6.0,5.0,6.0,6.0,6.0,4.0,6.0,4.0,6.0,0.0,,,,,,,,,,,,,,,,,,,,,,,,,,,,,,,,,,,,
0,612b5ed8c3b1fcb978aad0a8,23,Woman,College,Setswana,English,Sotho,Zulu,no,BLP,18,15.0,17.0,4.0,,,,,,,,,,,,,,,,,,,,,,,,,,,,,,,,,,,,,,,,,,,,,,,,,,,,,true,true,true,true,,,,,,,,,,,,,,,,,,,,,44.038000000000004,42.676,29.056,14.074,18.53,30.520000000000003,9.81,4.36,54.480000000000004,54.480000000000004,27.240000000000002,18.16,54.480000000000004,49.94,38.59,27.240000000000002,171.52800000000002,177.61599999999999,104.696,63.834,20.0,20.0,17.0,17.0,20.0,20.0,20.0,20.0,2.0,2.0,3.0,5.0,8.0,2.0,1.0,8.0,4.0,4.0,1.0,9.0,6.0,6.0,6.0,6.0,6.0,6.0,6.0,6.0,6.0,5.0,6.0,6.0,6.0,6.0,6.0,5.0,17.0,2.0,0.0,0.0,20.0,20.0,10.0,4.0,0.0,1.0,0.0,2.0,0.0,0.0,0.0,1.0,1.0,1.0,0.0,0.0,3.0,2.0,5.0,4.0,2.0,1.0,2.0,1.0,4.0,2.0,4.0,3.0,5.0,4.0,4.0,3.0
0,612d5712d75b6c46b4cefc63,22,Donna,Uni,Italiano,Inglese,Francese,n/a,no,BLP,20,16.0,1.0,,20.0,5.0,0.0,,10.0,16.0,3.0,,20.0,1.0,0.0,,20.0,0.0,0.0,,0.0,0.0,0.0,,9.0,1.0,0.0,,10.0,0.0,0.0,,5.0,3.0,2.0,,5.0,5.0,0.0,,6.0,4.0,0.0,,6.0,6.0,3.0,,6.0,6.0,3.0,,6.0,6.0,3.0,,true,true,true,,6.0,6.0,2.0,,6.0,6.0,4.0,,6.0,0.0,0.0,,6.0,6.0,6.0,,6.0,6.0,4.0,,40.86,17.252,1.816,0.0,38.150000000000006,14.170000000000002,2.18,0.0,54.480000000000004,54.480000000000004,24.97,0.0,54.480000000000004,40.86,31.78,0.0,187.97000000000003,126.762,60.746,0.0,,,,,,,,,,,,,,,,,,,,,,,,,,,,,,,,,,,,,,,,,,,,,,,,,,,,,,,,,,,,,,,,,,,,,,,,
0,6136aa846e80ebd7daf6e148,24,Woman,College,English ,Sepedi ,Isindebele ,Isizulu ,No,BLP,15,20.0,17.0,2.0,,,,,,,,,,,,,,,,,,,,,,,,,,,,,,,,,,,,,,,,,,,,,,,,,,,,,true,true,true,true,,,,,,,,,,,,,,,,,,,,,44.946,54.026,44.946,20.43,44.690000000000005,5.45,7.630000000000001,2.18,54.480000000000004,54.480000000000004,31.78,27.240000000000002,45.4,49.94,36.32,20.43,189.516,163.89600000000002,120.67599999999999,70.28,10.0,20.0,19.0,19.0,20.0,20.0,15.0,20.0,20.0,20.0,7.0,1.0,6.0,2.0,10.0,0.0,8.0,2.0,10.0,0.0,6.0,6.0,6.0,6.0,6.0,6.0,6.0,6.0,5.0,6.0,3.0,6.0,6.0,4.0,6.0,6.0,13.0,1.0,14.0,5.0,20.0,18.0,20.0,5.0,15.0,14.0,1.0,1.0,1.0,1.0,0.0,0.0,0.0,0.0,0.0,0.0,4.0,3.0,5.0,4.0,3.0,3.0,2.0,2.0,4.0,2.0,5.0,2.0,3.0,3.0,4.0,2.0
0,613d091096ca434d703f77c5,24,Uomo,Uni,Italiano,Inglese,n/a,n/a,napoletano,BLP,20,12.0,,,20.0,20.0,,,13.0,9.0,,,20.0,0.0,,,20.0,0.0,,,20.0,3.0,,,10.0,2.0,,,10.0,0.0,,,10.0,3.0,,,10.0,8.0,,,10.0,0.0,,,6.0,4.0,,,6.0,5.0,,,6.0,4.0,,,true,true,,,6.0,6.0,,,6.0,6.0,,,6.0,4.0,,,6.0,5.0,,,6.0,5.0,,,51.302,19.976,0.0,0.0,54.50000000000001,14.170000000000002,0.0,0.0,54.480000000000004,43.13,0.0,0.0,54.480000000000004,45.4,0.0,0.0,214.762,122.67600000000002,0.0,0.0,,,,,,,,,,,,,,,,,,,,,,,,,,,,,,,,,,,,,,,,,,,,,,,,,,,,,,,,,,,,,,,,,,,,,,,,
0,614060a52d7c64c27ef9887c,21,Donna,Secondaria2,italiano,inglese,n/a,n/a,no,BLP,20,12.0,,,20.0,2.0,,,15.0,10.0,,,20.0,0.0,,,20.0,0.0,,,20.0,0.0,,,9.0,1.0,,,10.0,0.0,,,9.0,1.0,,,7.0,3.0,,,10.0,0.0,,,6.0,5.0,,,6.0,6.0,,,6.0,6.0,,,true,true,,,6.0,5.0,,,6.0,3.0,,,3.0,3.0,,,6.0,6.0,,,6.0,6.0,,,52.21,10.896,0.0,0.0,49.050000000000004,5.45,0.0,0.0,54.480000000000004,49.94,0.0,0.0,47.67,40.86,0.0,0.0,203.41000000000003,107.146,0.0,0.0,,,,,,,,,,,,,,,,,,,,,,,,,,,,,,,,,,,,,,,,,,,,,,,,,,,,,,,,,,,,,,,,,,,,,,,,
0,614e230ff8700b32ea648508,22,Woman,PlusCollege,Sepedi,English,Xitsonga,Zulu,Yes,BLP,20,10.0,13.0,4.0,,,,,,,,,,,,,,,,,,,,,,,,,,,,,,,,,,,,,,,,,,,,,,,,,,,,,true,true,true,true,,,,,,,,,,,,,,,,,,,,,54.480000000000004,45.4,51.302,39.952,33.79,17.44,11.99,1.09,54.480000000000004,54.480000000000004,31.78,15.89,54.480000000000004,45.4,34.05,9.08,197.23000000000002,162.72,129.122,66.012,20.0,10.0,20.0,20.0,20.0,20.0,20.0,20.0,20.0,20.0,6.0,3.0,9.0,1.0,6.0,2.0,5.0,5.0,5.0,5.0,6.0,6.0,6.0,6.0,6.0,6.0,6.0,6.0,6.0,6.0,6.0,4.0,6.0,4.0,6.0,6.0,20.0,4.0,20.0,20.0,20.0,20.0,20.0,20.0,20.0,20.0,1.0,0.0,0.0,0.0,1.0,1.0,0.0,0.0,0.0,0.0,4.0,2.0,4.0,2.0,3.0,2.0,3.0,1.0,4.0,0.0,3.0,0.0,2.0,1.0,6.0,3.0
0,61533ead92c280c34cc22482,22,Man,MinusCollege,Portuguese,English,n/a,n/a,no,BLP,20,15.0,,,,,,,,,,,,,,,,,,,,,,,,,,,,,,,,,,,,,,,,,,,,,,,,,,,,,,,true,true,,,,,,,,,,,,,,,,,,,,,,,42.676,14.528,0.0,0.0,45.78,8.72,0.0,0.0,54.480000000000004,47.67,0.0,0.0,47.67,34.05,0.0,0.0,190.606,104.968,0.0,0.0,20.0,8.0,12.0,9.0,20.0,0.0,20.0,0.0,2.0,0.0,9.0,1.0,7.0,3.0,10.0,0.0,7.0,3.0,9.0,1.0,6.0,4.0,6.0,6.0,6.0,6.0,6.0,5.0,6.0,4.0,3.0,3.0,6.0,6.0,6.0,2.0,,,,,,,,,,,,,,,,,,,,,,,,,,,,,,,,,,,,
0,615c43b800752a4f3d0fd1f0,24,Donna,Uni,italiano,Inglese,n/a,n/a,n/a,BLP,20,14.0,,,20.0,4.0,,,6.0,7.0,,,20.0,1.0,,,20.0,0.0,,,20.0,1.0,,,2.0,9.0,,,10.0,0.0,,,0.0,10.0,,,7.0,3.0,,,6.0,4.0,,,6.0,4.0,,,6.0,6.0,,,6.0,6.0,,,true,true,,,6.0,3.0,,,6.0,6.0,,,4.0,4.0,,,6.0,6.0,,,6.0,6.0,,,48.124,12.258000000000001,0.0,0.0,27.250000000000004,28.340000000000003,0.0,0.0,54.480000000000004,43.13,0.0,0.0,49.94,49.94,0.0,0.0,179.794,133.668,0.0,0.0,,,,,,,,,,,,,,,,,,,,,,,,,,,,,,,,,,,,,,,,,,,,,,,,,,,,,,,,,,,,,,,,,,,,,,,,
0,6161f43ddd46e845e7b3fab8,24,Uomo,Uni,italiano,inglese,n/a,n/a,n/a,BLP,20,15.0,,,20.0,10.0,,,13.0,13.0,,,20.0,0.0,,,20.0,0.0,,,3.0,0.0,,,10.0,1.0,,,10.0,0.0,,,10.0,2.0,,,10.0,0.0,,,10.0,0.0,,,6.0,4.0,,,6.0,5.0,,,6.0,5.0,,,true,true,,,6.0,3.0,,,6.0,5.0,,,6.0,2.0,,,6.0,6.0,,,6.0,6.0,,,43.584,17.252,0.0,0.0,54.50000000000001,3.2700000000000005,0.0,0.0,54.480000000000004,38.59,0.0,0.0,54.480000000000004,43.13,0.0,0.0,207.04400000000004,102.242,0.0,0.0,,,,,,,,,,,,,,,,,,,,,,,,,,,,,,,,,,,,,,,,,,,,,,,,,,,,,,,,,,,,,,,,,,,,,,,,
0,6172a1d4cffa5162140cc8c2,25,Woman,PlusCollege,English,sepedi,sesotho,setwana,zulu,BLP,19,19.0,10.0,10.0,,,,,,,,,,,,,,,,,,,,,,,,,,,,,,,,,,,,,,,,,,,,,,,,,,,,,true,true,true,true,,,,,,,,,,,,,,,,,,,,,44.946,42.222,26.786,25.878,44.690000000000005,6.540000000000001,8.72,2.18,54.480000000000004,54.480000000000004,38.59,40.86,54.480000000000004,54.480000000000004,38.59,36.32,198.596,157.722,112.686,105.238,13.0,13.0,20.0,17.0,20.0,20.0,20.0,20.0,7.0,4.0,6.0,2.0,7.0,2.0,9.0,1.0,9.0,1.0,10.0,0.0,6.0,6.0,6.0,6.0,6.0,6.0,6.0,6.0,6.0,6.0,6.0,6.0,6.0,6.0,6.0,6.0,6.0,4.0,5.0,5.0,20.0,20.0,14.0,14.0,4.0,4.0,1.0,1.0,0.0,1.0,0.0,0.0,0.0,0.0,0.0,0.0,3.0,4.0,5.0,5.0,5.0,5.0,4.0,4.0,4.0,4.0,4.0,3.0,3.0,3.0,6.0,6.0
0,6175a0a52e748285b3476b27,22,Donna,Uni,italiano,inglese,n/a,n/a,no,BLP,20,12.0,,,20.0,5.0,,,13.0,18.0,,,20.0,0.0,,,20.0,0.0,,,20.0,1.0,,,9.0,1.0,,,10.0,0.0,,,9.0,1.0,,,8.0,2.0,,,10.0,0.0,,,6.0,6.0,,,6.0,6.0,,,6.0,6.0,,,true,true,,,6.0,5.0,,,6.0,6.0,,,0.0,0.0,,,6.0,6.0,,,6.0,6.0,,,51.302,16.344,0.0,0.0,50.14,4.36,0.0,0.0,54.480000000000004,52.21,0.0,0.0,40.86,40.86,0.0,0.0,196.78200000000004,113.774,0.0,0.0,,,,,,,,,,,,,,,,,,,,,,,,,,,,,,,,,,,,,,,,,,,,,,,,,,,,,,,,,,,,,,,,,,,,,,,,
0,64526929d8f9b780b29d4d8d,24,Man,HighSchool,Portuguese,English,n/a,n/a,No,BLP,20,12.0,,,,,,,,,,,,,,,,,,,,,,,,,,,,,,,,,,,,,,,,,,,,,,,,,,,,,,,true,true,,,,,,,,,,,,,,,,,,,,,,,44.038000000000004,12.712,0.0,0.0,43.6,10.9,0.0,0.0,54.480000000000004,47.67,0.0,0.0,54.480000000000004,54.480000000000004,0.0,0.0,196.598,125.76200000000001,0.0,0.0,20.0,4.0,12.0,7.0,20.0,0.0,20.0,0.0,5.0,5.0,8.0,2.0,10.0,0.0,5.0,5.0,8.0,2.0,9.0,1.0,6.0,5.0,6.0,6.0,6.0,5.0,6.0,5.0,6.0,6.0,6.0,6.0,6.0,6.0,6.0,6.0,,,,,,,,,,,,,,,,,,,,,,,,,,,,,,,,,,,,
0,648b962b8fdb1fa686213ac1,23,Man,College,Spanish,English,n/a,n/a,No,BLP,20,14.0,,,,,,,,,,,,,,,,,,,,,,,,,,,,,,,,,,,,,,,,,,,,,,,,,,,,,,,true,true,,,,,,,,,,,,,,,,,,,,,,,42.222,13.620000000000001,0.0,0.0,49.050000000000004,5.45,0.0,0.0,54.480000000000004,38.59,0.0,0.0,54.480000000000004,20.43,0.0,0.0,200.23200000000003,78.09,0.0,0.0,20.0,3.0,12.0,12.0,20.0,1.0,20.0,0.0,1.0,0.0,9.0,1.0,10.0,0.0,10.0,0.0,6.0,4.0,10.0,0.0,6.0,4.0,6.0,5.0,6.0,4.0,6.0,4.0,6.0,1.0,6.0,1.0,6.0,5.0,6.0,2.0,,,,,,,,,,,,,,,,,,,,,,,,,,,,,,,,,,,,
